sentimen,Tweet
0, <USERNAME> TOLOL!! Gak ada hubungan nya keguguran dengan pakai hijab syar' yang kamu bilang bayi nya kepanasan didalem tidak ada hubungan nya woyyyy!! Otak sama jempol kamu tidak sinkron sih ya jadinya asal menulis komentar!
0,Geblek kamu 
0,Kmrn termewek2 sekarang lengket lagi duhhh kok labil banget sih mbak kayak abege saja atau yang kemarin cari sensasi biar top markotoppp eong tidak berkualitas
0,"Intinya kalau kesal dengan ATT nya, tidak usah ke anaknya juga. Kasian buat perkembangan psikis anak kedepannya. Itu orang benar benar tolol, sekarang seandainya dia punya anak, terus anaknya diejek sama orang yang benci sama dia, bagaimana perasaan dia ? Benci sama seseorang boleh, tapi harus tau batesnya ?? toh namanya manusia, gaakan semua jadi penyuka, pasti ada hater ??"
0,"hadewwwww permpuan itu lagi!!!!sakit jiwa,kenapa harus dia yang jadi peran utama di film hantu jeruk purut,ky khabisan stok Ais saja"
0,"Pantesan di tinggalkan laki, ya lakinya juga pikir kali kalau perempuannya kayagni. Ngurus diri saja dia tidak becus bagaimana mengurus anak, mending anak sama ayahnya nya saja benar didiknya"
0,"kebiasaan balajaer nyampahig para ,kok balajaer yang heboh dan asyik ceramahin yang punya ""ketika balajaer bersabda""demi seonggak koin laknat !lagi masihbela mati matian,pada sakit jiwa"
0,karena sebagian besar rakyat indonesia itu bodoh. Tdk bisa membedakan mana yang baik mana yang buruk. Sdh tau perilaku buruk tidak tau sopan santun itu yang dipilih jadi panutan. Lebih mengidolakan yang murahan dari pada yang berkelas dan ber etika
0,ayu janda bego punya suami kapan nikah laginya?
0,"Anyiennnnggg.. Suaranya hancur banget, lebih merdu tukang gorengan"
0,"Syarat sah nikah menurut agama islam hanyayaitu : adanya CPP, adanya CPW, saksi, wali nikah dan mas kawin/mahar. Perkara makeup tidak manglingi bukan syarat sah pernikahan. Sekalipun tidak makeup tapi syarat ygtersebut terpenuhi maka pernikahannya SAH ya emak emak julids"
0,"Cewek tak tau diri nih, merebut pacar orang. Udh mana punya abang yang mendukung sifat jeleknya lagi. Ckck"
0, <USERNAME> ??? Kids jaman now ya kebanyakan micin.. Mna kata aku yang ngina??? Bego dipelihara??????
0,Jijik lihatnya sumpah deh minceeee
0,"Emang bukan hal tabu ciuman begitu (iya memang) tapi yang bikin eneg itu ""PENCITRAAN"" nya yang sok alim sok baik sok bijak dan sok sok yang lainya. Seandainya dia lebih apa adanya itu lebih baik dari pada pencitraan. Bukan sok alim atau sok suci serius!"
0,"Yg jadi masalah di sini adalah . mereka ciuman depan orang banyak yang SEHARUSNYA sih punya rasa MALU, kecuali mungkin lagi mabuk jadi tidak ada rasa malu. . Mereka beeman?? Helooow sebuah peemanan tidak akan melibatkan ciuman BIBIR, coba saja kalian bayangkan, sanggup tidak ciuman bibir sama TEMAN? pasti lebih dari teman lah itu. Dasar Kelakuan Kids jaman now yang memang bego, bukan karena kebanyakan micin lo ya ??"
0,Anjing nya 
0," <USERNAME> ah katanya jaga ucapan, lah ucapan dia tidak dijaga sendiri.. dasar munafik.. dasar betina zaman now ellu kali yang kelebihan micin.. kamu sendiri otak kamu kan di selangkangan mana paham.. semoga Tuhan ampunin kemunafikan kamu cun"
0," <USERNAME> ya ampun ini upil naruto,, kata katanya makin mencerminkan kalau dia yang sebenarnya pecun.????pengalaman banget kamu ya. Kesian. Gua jadi prihatin. Mati saja deh kamu. Ngotorin dunia manusia macam kamu.??"
0,"Cuman jual goyangan ya, suara macam "
0,Kasian ih mencari uang sampai sebegitunya
0,anjir tontonan yang sangat tidak bermutu!
0,"Dlu inul goyang ngebor baju ketat dcekal. Hrs nya nih juga dengan sgja goyang dada mulu, suara tidak sbrpa. Mrsk moral anak muda yang menonton bawaannya nafsu saja nanti ????"
0,Pnyanyi dangdut yang tidak berkelas begini ' nonjolin suara malah nonjolin dada
0,"Najis najis sudah homo saja harusnya, orang kayak begini di musnahkan dari muka bumi"
0,"Haduuh ini orang tidak punya akhlak bangeg, perasaan pekerjaan bertengkar mulu, banyak musuhnya"
0, lonte ini bukan sensasi ngjak ribut orang mulu sampah
0,Kayak banci sudah mirip nenek nenek punya cucu . Mw di operasi di mua top tetap saja kalau asli nycantik luar dalam..
0,Dan lebih bagus lagi kalau diam saja haha jahatnya aku
0,Walaupun Oplas ATAU dipermak sekalipun tetap jelek. POKOKNYA MUKANYA TEGANG KEK BANCI. UDAH SEKIAN??
0,"Mending lihat dek molen biarpun cowok tetapi cantik, tidak kayak ini cewek tetapi malah kayak bencong wkwk ??"
0,bencong !!!gay juga.
0,"Orang gila itu ???? ingin HITZ cari tenar rela di penjara? Cari sensasi setingan supaya beken sampai hina hina orang,,, ??? Org kayak mulut nya ky sampah,tidak sekolah ya???"
0,Cowok macam anjing 
0,"cari sensasi supaya tenar, terus banya folowers nya. tidak begitu begitu juga , berbicara saja masih berlepotan tidak jelas begitu. kamfungan"
0,berbicara saja berlepotan banyak gaya kamu bencong
0,Orang kebanyakAN makan TAIK ya begini!OTAKnya sudah penuh sama TAIK jadi tidak bisa berpikir positif!dari cara dia berbicara saja Gak BERMORAL!dasar kaum kaum LAKNAT BANCI ANJING kebanyakan BURIT SIH LO jadi Stres!MANUSIA ogah JUMPA sama LO anjing!cuma ANJING yang mau ketemu sama LO tai!
0,Sikat habis lah orng2 sialan kayak begini. Pemimpin negara sendiri tidak di hormati. Jgn mentang mentang Bapak President kita terlalu baik jadi di sembarangin. Saya marah.. Gak boleh kita hina pemimpin kita sendiri.. Saya harap segera di tindak hukum orang iniÖ
0,Jijik banget lihat tingkah sih upil ini. Mudah2an secepatnya tidur selamanya
0,"WONG EDAN NIH ORANG, UDH MAKAN UANG RAKYAT TIDUR PULA"
0,"Manusia laknat, matinya di apakan ya"
0,Sakit di otak sama hatinya itu adalah dia. Udah tidak ada nurani dan urat malunya. Pajak saya lah yang ngegaji orang orang gila hormat ini
0,Anak babi bangsat ingin sumpel timah panas ke congor kamu biar modar
0,Pengen sumpel timah panas ke congor sih anak babi pesek buruk rupa
0,Hey anak bangsat babi pesek buruk rupa ??lumayan buat makanan buaya??
0,"RATU PELAKOR SEJAGAT RAYA, DIMANA2 LONTE YA GAK PUNYA MALU. YG NGERASA LONTE DISINI TOLONG PUNYA MALU DIKIT"
0,Wah ini mah peemuan buah ranum dan buah busuk ??????????????
0,"Ah manda adalah gatal, tidak bisa lihat cowok sedikit langsung disosor.. Begok saja yang mau sama manda . kegatelan jadi cewek"
0,"Si amanda mukanya ke tante"" umur baru berapa tetapi muka boros banget "
0,"Astagah, suka sama cewek dekil kumel. Ibaratnya dari nagita turun ke att. Nagita kayak emas att kayak barlen"
0,Alah laki laki jaman sekarang sama saja. Sama sama bejat. Mau ustad kayak bukan kayak gila banget sama perempuan yang bukan istrinya. Aku setuju banget sama yang di bilang ustazah<USERNAME> . Msuk surga bukan karena poligami. Msh banyak hal yang kita buat supaya bisa jadi akhlak baik untuk bisa masuk surga. Yaa semoga saja sih perempuan perempuan perebut laki orang di luar sana mendapat azab yang tidak diampuni. Yang hidupnya tidak bakal selamat dunia akhirat
0,Gilaaaaa perebut laki orang banyak banget laki laki gatal juga banyak alasan untuk berpoligami woiii pikir pakai otak aduh saya pikir dia orang pintar tau agama mana baik mana ! Sbg seorang imam keluarga dia telah gagal mmpeahankan rumah tangganya mencoreng nama baik nya 
0,"Biasalah kalau perebut laki orang banyak yang lebih hancur mukanya dari istri sah.. barang bagus pasti cepat laku, karena perebut laki orang jelek enggak laku makanya mengembat laki orang.. ya sudah sama sama GATEL kok.. cocok sudah..<USERNAME>"
0,"lama lama ilfeel deh sama nih eong. caption/instagram cerita nya membicarakan orang malu, orang kan jadi ambigu nilai sisisi . sudah begitu kayak paling di zalim, salahinnya depan lawan dong jangan berbicara di status ah. kata nya dewasa ??"
0," <USERNAME> ini lagi pemikiran manusia bodoh, eh tante/ibu/oma/empo, otak kamu picik banget ya, dia juga manusi biasa ada larangan memang di dunia ini orang di larang ngungkapin unek2???? bodoh human"
0,"Heran deh yang memaki sibaperan ya wajar lah dese bawa perasaan karena udin muak sama orang yang munafik sok""an baik sama dese, lah apa kabar yang sering bawa perasaan sama laki orang ? Ga pada menyadari diri itu pemujanya att, bukannya pada gotong royong buat menasihati att ini malah menggila buat muja"" att dan mojokin a. Dese juga manusia kali ah"
0," <USERNAME> itu yang komennyinyir mulu aduh seperti dia tidak pernah nyinyir orang saja, mungkin lebih parah, kalau orang sudah sok benar adalah begitu, padahal ini kan media sosial, hak dia dong instagram juga instagram dia, yang penting kan nyinyir tidak pakai instagram "
0," <USERNAME> ini lagi pemikiran manusia bodoh, eh tante/ibu/oma/empo, otak kamu picik banget ya, dia juga manusi biasa ada larangan memang di dunia ini orang di larang ngungkapin unek2???? bodoh human"
0, <USERNAME> bisa nya cuma memaki orang . Nyindir siapa !
0," <USERNAME> cara didik ounya nagita bagus, makanya amat sangat heran dengan balajaer, kan nagita ya yang dirugikan sama junjunganny.. Knp dia yang dibenci, bodoh banget asli."
0," <USERNAME> padahal km lebih kampungan lah,pakai kerudung tapi mulutnya cih.."
0,Belajaer itu apa ya? Hahahaha bela ais sampai ????????
0," <USERNAME> iya banyak berai mereka norak kampyuung, coba lihat ais yang adem ayem lihat isyana lihat agnezmo lihat mbak , dikasih tau contoh ais yang better eh jawabannya begini ya cocok lah"
0," <USERNAME> tidak usah sok jadi high class mbak, lihat komenmu sendiri, memang semua ais itu sama, beda beda mbak, ada yang suka curhat di instagram, ada yang curhat ke teman ada yang curhat ke , yang curh"
0," <USERNAME> lah goblok amat, tidak semua warganet yang kontra sama postingan siini bakajaer kali, mbak/mas. Ih goblok kok dipelihara. Lol"
0,Ini siapa sih memang ais? Ko ais indonesia bukan nya mengurus prestasi malah di media sosial nya beginian mulu isi nya jadi jatuh nya kampungan
0," <USERNAME> baru itu saja knmba, apa lagi kayak agnes mau banyak penghargaan nya tpkampungan beda am yang ini"
0,Munafik banget yang berbicara curhat di media sosial ? Lbh kampungan wkwk!!!!
0, <USERNAME>.wawan zzzzz memang ini ais tidak punya teman apa? Dikit sedikit att haha lagi juga apa apa curhat di media sosial kampungan
0,Lemes ya mulutnya. Berani lewat ststus sudah begitu tulisannya sengaja biar tidak kebaca takut kali di labrak. Mmmm ais masih kampungan sih ya jadi wajar lah ya ????????
0, <USERNAME> main main lah ke jawa timur.. Biar tidak bego!!
0, <USERNAME> bisa nya cuma memaki orang . Nyindir siapa !
0," <USERNAME> dia sudah menunjukkan karyanya, situ punya karya apa? Karya nyinyir hidupnya Via?? Tolol ??"
0," <USERNAME> siapa bilang gue fannya Via?? Duh menantang gue nih , jablay!"
0, <USERNAME> youtube apaan ya mbak? Aplikasi baru ya? Sy taunya youtube. Mba tidak tau apa ya seseorang bisa dapat penghasilan besar salah satunya dari youtube lah. Mreka juga di bayar apalagi kalau banyak yang menonton video mereka. Sekolah yang benar deh mbak biar pintar. Generasi muda
0,"gue suka gangei deh ya, kenapa kalovallen bikin status atau apalah itu disangkut pautin sama att mulu?? padahal att nya saja biasa saja.. Fansnya sih yang bikin jelek.. Orang kalau di sangkut pautin mulu juga lama-lama gerah kali.."
0,Jujur saja ya nih orang malah bagusan tidak 
0,Noraaak ??
0,Before and after pasca operasi plastik tidak berakibat ya.. tetap jelekserem 
0,"Salfok ke mukanya, sumpah !!!"
0,Norak benar. Kegaet penjahat baru rasa.
0,"Najis..,apalagiphilipine biasa banget kali, sana saja ,dia ingin ngetop lewat "
0,Yang gue bingung jujur kenapa media pada berebut ngeliput ini orang. Kayaknya cuma net doang media informasi yang masih waras
0,"Bukankah Jedun yang tidak becus jadi perempuan terhormat, tidak becus jadi perempuan cerdas, tidak becus jadi perempuan yang mencari suami sah bukan suami orang, tidak becus jadi perempuan yang menghindari narkoba, tidak becus jadi perempuan yang menjaga nama baik "
0,"cewek yang begini yang seharusnya gosong jadi abu saja di kebakaran pabrik yang lagi viral kemarin itu. benar benar selain tidak brguna, enggak ada otak.. cuma modal mengangkang terus gebet laki orang terus bangga.. by the way kalau memang instagram story nya buat menyindir sesebini tua adalah. eh at least biar tidak becus jadi prewi tetapi becus cuii jadi emak. buktinya anak nya bejibun terus semua pro ke emaknya daripada bapaknya"
0,"""perempuan""? Dasar perempuan tak sadar diri kamu coy."
0,Dasar ais abal abal enggk laku di layar 
0,"ih dia kan paling becus makrum, paling becus merebut suami orang hehe????"
0,Eeee sih pelacur. Situ becus jadi brempuan memang? Becus jadi sampah sih iya. Edeuuuuuh lonte lonte
0,"Biarin,,,puas puaskan mumpung deseu masih berasa muda. Ntar kalau sudah tua juga nyaho! Karma itu ada."
0,Dia ini punya anak perempuan lo. Ibu macam apa contohin jelek ke anaknya. Jauh dari kata BECUS ini perempuan. Amit 
0,Kaya becus saja jadi permpuan dia yngbecus jadi perempuan kok sukanya sama laki orang hehe
0,Yg tidak becus itu lah ????????
0,Gue tidak suka sama nih orang. Idupnya kebanyakan ribut.
0,Dasar ais abal abal enggk laku di layar 
0,"Yg nama nya plagiat ya plagiat, walaupun laku tetapi tetap saja ciptaan dari hasil "
0,"Dasar plagiat semuanya, tidak bisa "
0,"Dan dengan begonya dia bilang ""apanya yang sama ya liriknya saja tentang percintaan begitu kok lagu saya"" benar benar tolol sih ayu. Gapunya kuping apaorang yang dipermasalahin nadanya ????????"
0,Itu pacarnya anggel pietrs <USERNAME> yaelah jess.. terxta kelakuan mu sama saja spi ayuting2 Hidupmu penuh dengan drama MURAHAN
0,"japok gateeel memang,sudah jelas dia ada main sama sih mamad,sampai"" sih jessica dimusuhin,deddy corbuzier saja jijik sama sih japok semenjak nagita diundang di hitam putih berai nagita cerita di belakang panggung,itu saja sih menurut gue"
0, <USERNAME> lebih memalukan anda buk 
0,Wah itu Kerdus mulutnya 
0, <USERNAME> TAI kamu di gedekan bagus buat pupuk jangan bacot kamu goblok !!! nih cewek kenapa bawa bawa suku ?
0,LAH ELO AIS APAAN? PAPAN BLENYEK AJA BELAGU AMAT AIS APAAN KGA POPULER SAMA SEKALU HAHAHA
0,ANANG MUKA NYA KAYA BABIII GITU AJA DI DEMENIN JIJIKK
0,"Kalau tidak suka sama ayu ting ting tidak usah separah itu dong ngejudge nya. Punya HATI dan OTAK kan? Dia juga manusia punya kekurangan dan juga punya kelebihan dan dia juga punya perasaan. Jadi jangan seenak nya menilai orang sepei itu, kayak sudah SEMPURNA AJA LO!<USERNAME>"
0,"Ga pantas dipanggil ,tidak tau malu istri keduanya.. aduh kalau ada yang masih memanggil dia buat ceramah namanya bodoh.."
0,Biadab!! Klo nanti anak kamu di bully.. Gue mampusin ya!!!
0,"Dasar ANJING itu cowok bukan orang, berani sama cowok biasa one by one jangan sama yang lemah, dasar ya cowok cowok jaman sekarang, casing doang cowok, nyali nya lebih lebih dari banci"
0," <USERNAME> iya kasihan sih micin?? padahal perusahan produk micin mengiklan kan kalau masak ""tambahkan micin biar tambah sedap"" warganet menyudutkan micin seolah semua kebodohan orang yang punya gangguan jiwa ngemil micin??#justiceformicin"
0,Wahh jngn2 ini Vidio 
0, <USERNAME> bego kamu ya
0,Editan banget itu. Ya ampun sih mama lambe kehabisan gosib ya buat sih perebut laki orang ?????????
0,ya admin nya termasuk golongan pengonsumsi micin dan pil pcc.. otak kamu rusak min?
0,cuma orang govlok yang percaya ayu slgkuh sama ?? SUAMI Siapa ygrebut oi?? sekarang ayu punya suami?? pikir pakai otak makanya jangan kebanyakan micin kan jadi govlok
0, <USERNAME> hoy barisan sakit hati ?? jijikk banget.. fan billy adalah ALHAMDULILLAH banget billy putus sama manusiaa buluk :
0,"MBA<USERNAME> KALAU KAMU GAK NGERASA CINLOK SAMA BABANG ANTHONY TERUS KALIAN AWALNYA KETEMU DIMANA SIH? DI SINET BOY KAN? ALAH NGAKU AJAAA. BERAI KAN MBA DUMANG CINLOK, JANGAN SOK2 BILANG GAK CINLOK ITU NAMANYA PEMBODOHAN . WAJAR DONG NETIZEN BILANG RATU CINLOK KENYATAAN EMANG YA KAN? JANGAN MARAH "
0," <USERNAME> Noh urus itu kuin kamu, biar tidak gatal nempel2 sama laki orang, masyarakat sudah tau kali japok gundik janda gatal,sudah kenyataan nya begtu KATANYA ANAK SHOLEHAH AGAMA NYA KUAT TAPI MATA KULIAH AGAMA CMA DPT ,KATANYA AGAMA NYA KUAT TPI HAMIL DI LUAR"
0," <USERNAME> bilang itu sama kuin kamu, jangan gesek gereoe sama laki orang, tidak malu apa sudah hamil di luar nikah, kegatelan amat jadi janda"
0," <USERNAME> please kamu jangan bela perebut laki orang,ini semua hukuman untuk sih muljem karena sudah tega recut suami sahabat sendiri,dia lagi menjalani sanksi sosialnya!! kenapa valakor mesti dibenci?? karena biar tidak ada valakor"" lainnya di Indonesia,biar musnah sem"
0,"NAJIS. INI BARU MUAKK, MENJIJIKAN, PELAKOR. JIJIK"
0,Semoga pelakor2 kena karma dan semoga dapat karma yang meninggalkan istrinya yang bwrjuang dengan dia dari nol tetapi setelah sukses selingkuh dan sok jadi penguasa ke istri ya..
0,Sedih ya sekarang mengamen di kawinan orang .. mantan istri mah naik pesawat jet .. selamat tinggal pelakorbotakbego ??????
0, <USERNAME> heeehh kamu pelakornya yaaaakkk??? Ngapa kamu jadi emosi??? Situuu kenal gue??? Kalo berani pakai akun asli dong. Pantes pakai akun bodong! Ngerebut laki orang juga diam diam. ?????????? keceplosan ya pakai aku bodong. Ngakak gueeee ?????????? lucu kamu!
0,Wkwkwkwk sudah tidak laku lagi jadi nyanyi dhajatan sih lonte perebut laki orang
0," <USERNAME> wkwk banyak lah cerita kayak begitu, buat pembelajaran saja.. jangan sampai nih swamik swamik lebih memilih ke perebut laki orang daripada istri peama. Bakalan hancuuurr bookk tidak bohong deh. Bakalan kere akan kismin akan nyungsep. Emang yang mengatur rezeki itu tuha"
0,Ini cwenya yang bego apa cwonya yang pintar ya ?! Emg lakinya kayak ?! Atau macho atau apa begitu plus nya ? Kayanya cuma jago gombal ?? atau mainnya gesit ?! Ulala #ngakakabis
0, <USERNAME> kamu itu yang bodoh! Ngapain keluarga depok komen orang yang tidak ada ainya lagi buat mereka??. !!. Emang dasar kamu benci 
0, <USERNAME> saya adalah lihat yang terlihat jelas.. bukan main prasangka kayak ?????? maaf iya.. gue bala Nabi Muhammad yang percaya kalau sudah ditunjukkinsaksi Dan bukti.. kalau
0,Mata ku sepet baca komen fan ubul empang 
0,"Ini siapa sih sih enji, hais kah ? Males banget jijik laki model beginian adalah tidak ada tanggung jwbnya. Ayu bunting di tinggalkan anak tidak di akuin, sekarang anak sudah nongol bilqis cantik eh sampai bini nya ngeposting yang seolah enji kangen anaknya. Najonggg jijik betul.. Dah deh min tidak usah di bahas lagi laki macam begini, hais saja bukan tidak ada panutan yang bisa di ambil<USERNAME>"
0," <USERNAME> bego nya lagi percaya diri amat berbicara seolah yang dia bilang paling benar, padahal bukti saja tidak ada. Mau kelihatan pintar jatuhnya bego??"
0,Yang pada bilang enji ganteng bebas slingkuh bego kali. Ganteng pala kamu bau menyan. Gada ganteng ganteng nya. Kebanyakan gaya kayak mantan bini depok nya.
0,"Sebenarnye cocok enji sama att, sama sama GATEEEEL haha pantas saja sih tongtong dipeemukan dengan enji, sudah hukum alam kalau jodoh kita cerminan diri kita, nah sih entong seharusnya bekaca dengan masa lalu biar sadar tetapi teryata otaktetep mau di peahankan jadi sekarang malah menjadi jadi guatelnye, sama saja kayak enji, ha"
0," <USERNAME> oalaahhh,, semakin banyak saja perebut laki orang ?? laki nya juga kegatelan, tetapi namanya laki ibarat kucing di kasih ikan jaer gratis ya tidak menolak wkwk"
0,"Begitulah laki laki ya sis, lebih suka pecun2 murahan, daripada perempuan baik baik berjilbab atau pintar. Enji2, kok downgrade sih? Dari pedangdut naik kelas perempuan berjilbab eh memilih sama pecun lagi.. jeleknya seleramu"
0,Motorninja saja songong amat mbak orang yang punya mobil lamborgini saja biasa saja kok ????????
0,GoBlOk ?????? gue menonton berkali≤ kaget juga ??
0,"Ga united state of america pakai anjing, babi!! ?????? kalau gue balas begitu wkwk"
0,Oh ini toh yang kemarin TIDAK MENGHARGAI KARYA ORANG DAN SEENAKNYA BILANG JELEK BANGET... Aduh itu pengantin perempuan nya KEKENYANGAN #pepuraLuGU
0,"Dari awal percaya gimik Raffi gigi dan ?? semakin publik teuju mereka ??????yang kasihan para penghujad "" lah ayu tidak ada di pesbukers biar dia ngeluarkn album"" baru single baru setelah para ais halan"" keluar nengri gimik"" apa lagi iya"
0,"Kalo benar gimmick, bodoh banget sih ayu cuma demi ratingpopularitas berani taruhin harga dirinya buat di nilai buruk oleh mata masyarakat ????"
0,Susah otaknya diemvang adalah bikin rusuh dilapak orang
0,najiiisss kayak sih mbak dese tidak begitu saja. haha maling teriak maling. mengaca buuuuuk
0, <USERNAME> IYAK KAA HAHAHAHAH geli banget enggak sih sama att ih kampung habis:(((
0,"JOGETNYA BIKIN NGAKAKKK ANJIRRRR, KAMPUNGAN BANGET??????<USERNAME><USERNAME>"
0,Bagus lah gue berai ada otak tidak kayak kamu malu memalukan mak kamu saja tong akun asli di pakai itu yang namanya bego!<USERNAME>
0,"Yg bego adalah kamu, ibu mana sih yang mau memberi contoh buruk ke anaknya , pakai mata kamu, memang ada di dugem bawa anak , bego sih -_- jaman sudah texas , dan gue jamin di zaman anaknya juga pasti sudah lebih texas . Selagi tidak merugikan kamu ya sudah . Sewot banget ."
0,"Si wanita jahiliyah.. Lesbi , sekarang sudah py pacar lagi. Kasian anaknya. Kmrn di kasih bencana slnya dia tega misahin anak dari bapak nya, dia ktakutan anak nya masuk islam padahal bapak nyaprnh menuntut anaknya memeluk islam. Udh di kasih nikmat anakorg, masih saja begajulan."
0, <USERNAME> gue tanya. Emang kador ais benaran? Komen kamu tolol sumpah. Masa harus kenal dia buat nilai dia ais atau bukan. Hahaha semua orang indonesia juga pasti setuju kalau kador bukan ais tetapi cuma celebgram dari kampung. Lo tau kan bedanya ais dengan selebgra
0, <USERNAME> hahahaaaa terus gue tanya. Lo tolol? PAke bertanya kador bencong atau tidak padahal belum kenal wkwk. Eh semua orang juga bisa nilai sih kador bencong benaran dari gerak gerik melambay suara ngondek dan pakai baju cewek begitu nyaman. Mana ada cowok itu
0," <USERNAME> maklumkan , realita sepei apa juga tidak akan dia ,padahal kan yang jadikan sih mamad gedePH "
0, <USERNAME>.bee idih najong kamu tag2 orang! Nimbrung saja kayak mujaer kamu! Dia tidak bakal terkenal kalau tidak bawa bawa nama ayu ting ting sama nagita! Duh bego dipelihara! Kesian
0,"langsung saja bilang siapa yang di maksud, kalau begini namanya MUNAFIK!"
0,"Jedar memang mukakali, di depan baik, di belakang busuk, mulutnya kayak banci cucoklahbanci itu"
0,AMIT AMIT DEH ORANG JAHAT... PENJILAT PEMBOHONG PELAKOR JIJIK BANGET
0,", mulan jamela kan ayu ting2 ngikuti jejakbukan? Wkwkwk<USERNAME>"
0,"Dlu sih perebut laki orang ini yang sombong karena berhasil mendapatkan sih botak sampai mnceraikan bunda maya,sekarang hidup nya makin anjlok malah bunda maya yang sering jelong2 kluarnegri..??????"
0,Hahhahaha dan sesungguhnya allah subhanahu wa taala melaknat wanita perebut dan pezina dengan suami sah oranglain ????????
0,"@, sekarang balik kere lagi jadi ais jglaku, sudah lah karma itu pasti <USERNAME> dari pada sirik nyinyir nyonya, itu bantu jualan cireng nya itu, cilok nya itu untunnya buat liburan monaco, jangan bromo terus"
0,Kepo juga sama nyonyiah kamu jongos<USERNAME> memang tetehlu pas hamil peak sudah dinikahin ?? Brojol anak baru di sirih EMNG LONTEEEEE kelas akun jamahliur dan junjungan hehe ??????
0,"Eh jongos coba gue lebih dahulu yang bertanya sama kamu .. memang nyonyiah ada gembar gembor sudah nikah.. adakah nyonyiah mengakui sudah nikah ???? Dr pada tetehlu yang lonte perek itu tiba"" brojol dan mengakui nikah siri sama laki nyonyiah dan hamidun sapeak anak ilegal dibilng FITNA KEJI haha lonte menolak lupa xixix ??????<USERNAME>"
0," <USERNAME> sini gue jawab currr ya bunmai sudah pernah nikah Tp sekarang janda dia janda karena suami nya di rampas Mulan jameela,menjijikkan banget ya Mulan jameela sebelum rumah tangga bunmai hancur sudah berani bilang Dani suami bersama aduha sudah wanita be"
0,"@<USERNAME> lucu saja ya sist, lonte di bela bela , di bayar berapa begitu sama muljamban, sampai bikin account<USERNAME> mau maia nikah atau belum nikah apa urusan situ, kelihatan nyinyirnya sirik nya. Sekarang balik"
0,"Yaela muljem seperti situ benar saja. Gag ingat apa sudah merusak kbhagian klwrga orang. Begopahaningini ini,"
0,Banyak laki suka banci! Jadi banci & mengawini !
0," <USERNAME> itu komen yang tidak anda lihat, ada berapa banyak. Jangan jadi pengguna media sosial yang bodoh jangan asal bunyi. Situ sehat pakai hijab masih nyinyir saja??"
0," <USERNAME> malu itu sama kerudung kamu sayang, sama ibadah nya. Sholat saja daripada nyinyir orang dandanan sudah sok suci mulut nya kayak sampah??"
0," <USERNAME> tolong di baca ai dari komen saya, sudah kardus+bodoh lagi bilang orang tua nya besok kalau masak jangan pakai micin, jadi sudah kerdungab tidak sesuai mulut. Besok makan salmon kalomampu besok aku tak deliv ke rumahmu ."
0,"Maaf mukanya jelek terus attitude nya buruk,,spesialis plagiat,,dan ketahuan pula ,,,"
0,"ini orang otaknya tidak pernah di sekolahkan ya? itu risiko ketika sudah unggah sesuatu di media sosial, ya pasti bakal dapat perbincangan dari warganet. publik figure kok tidak ada otaknya."
0,Ais kampungan wkwk
0,"Iyaaa gue pernah pacaran? Udah nikah malah, tapi tidak seNORAK lu.. Gak risih memang? Jgn asal aplod, Perhatiin pengikut kamu yang lumayan banyak itu, tar terbawa norak."
0, ampun pnyanyi dangdut kurang tenar songong banget BACOTNYA ??ingin mencari sensasi tapi kmpungan banget deh amit amit bool koinstastory
0,!!! Heeeehh.. yang repot sama hidup kamu siapahh ?? Elu live menampilkan hal hal tidak !! Kampungan!!
0,"Norak sih,kayak tidak ada ,ya sudah,simpan ,resikolah dinyinyiri orang.Insecure banget,harus ya pamer2 begitu biar semua orang ngei kalau sih mbaknya sudah py pacar yang bisa dipamer2 pantatnya?Kampung banget"
0,Koq marah sehhh???dasar wanita ??
0,
0,Susah kalau ais kampung
0,"Ah min, gue lama lama tidak suka sama akun ini nih! Berita nya basi! Lo lihat dong min.. itu sih kalian sama amora lagi datang.. pakai ikut jingkrak2 kok!! Lo saring dulu dong min.. biar berita nya tidak blunder.. kamu posting juga itu KD sudah posting videon kalian sama amora lagi joget2 sama sih arsya arsyi!!"
0," <USERNAME> iya""km bening, kelewat bening jadi buluk kan ya mbak ?? mbaknya baru menelan apa sih komen kayak begini? Apa baru kesurupan ?"
0,"kita sekeluarga sangat menggemari dan kagum lihat<USERNAME> semua nya ,buluk kan.<USERNAME>.hermansyah<USERNAME> kutuk kan apa yang menimpa bunda KD untung Allah subhanahu wa taala sudah menggantikan amora dan adik ??????"
0,Emang dasar sih anak nya saja yang 
0,"Coba lihat bibir mu sayang, sepei pantat ayam. Wajah mu bulukan sepei kentut?? perfectoooo?"
0,Gagal fokus dengar suaranya.. kok jengkel ya ????
0,"Muljem berbicara tidak jelas blepotan, tidak menyadari mau hidup enak saja pakai rebut laki orang dulu"
0,??lucu ya sih yang bikin ??
0,Iyah benar. Tidak Akan mengubah pandangan Tuhan terhadap Kita. Terutama kamu Setan!! Makanya mikirrrr.. suami majikan kok diembat!!
0,Gilingan mulan jalang lagi kasih ceramah. Hahahaha . dasar cireng tidak tau diri tidak pernah mengaca. Si cireng lagi ceramah sok sok kayak pahlawan kesiangan biar bisa beeman sama sekuter kayak selpii ini.
0,"Ya pandangan Tuhan terhadap kamu juga jelek sih gue rasa, dikira perebut suami orang itu mulia apa dimata Tuhan?????????"
0,"Karna sejatinya kamu adalah setan berwujud manusia ,,karena pekerjaan setan ya menggoda manusia ????"
0,Pernah tidak mbak<USERNAME> baca ada warganet yang menyesal tidak bisa menimpuk telur ke sih ? di sini biar menyadari itu perebut laki orang tidak punya harga diri. Mending ketemu orang baik baik surat pemberitahuan tahunan 
0,Editanx 
0,"jelek,lecek,bantat ??????"
0,Gini amat ingin tenar ya 
0,"Heran gue mak<USERNAME> kenapa dia masih saja di pakai sama AN* di pesbu**. Kasus nya bederet, skandal ?? muka tembok ?? sangat tidak ada faedah nya menonton acara yang ada sih manusia kardus ini ??"
0,"he orang goblok juga bisa bedakan vape, shisha sama rokok. jelas jelas kamu merokok pakai acara tidak mengakui segala"
0,Jijik saya !!
0,Jablay anjir 
0," <USERNAME>.alycia iya sist jijik banget gue lihatnya sok suci memaki orang kalau gue sih malulah ais papan atas tapi otak tidak di pikir kalau berbicara ,ketahuan banget tidak ada wibawanya kalau memang dia menyadari dia siapa seharusnya dia tau cara berkomentar manusia tidak ada yang "
1,yang sabar ya.. insya Allah menjadi pembuka pintu syurga dan penghalang api neraka bagi kedua orang tuanya
1,Lagu barunya mbak tata kan kisah nyatanya rumah tangga mbak 
1,"Yg komen kenapa sih mbak ini tidak sedih malah ketawa ketawa.. ya iyalah kalau kita sudah disakiti sama pasangan sampai berlarut2 apa juga sih kita sedih sampai depresi segala.. serahin sama Allah ,, kalau bahagia jangan trllu bahagia, kalau sedih juga jangan trllu ??????"
1,"Suka banget sama pasangan satu ini. Semoga gigi dan raffi menjadi keluarga sakinnah, mawaddah, warrahmah. Semoga tidak ada pihak2 yang ingin memisahkan mereka. Jodoh sampai maut memisahkan. Amiin"
1,"Jemima kan anak angkat celine, eleeya anak hubungan celine dan dirly. Dan saya terharu saya tau kalau jemima adalah anak panti asuhan yang dia rawat. Dan wajar kalau stefen lebih pilih celine karena hatinya baik"
1,Lucu yang bilang stefan menghabiskn masa muda ?? lah dulu mantannya begimane. Dibawah umur ude pacran macam laki bini. Hiks. Selepas itu yakin deh susah mengambil keputusan kayak stefan. Tipical cowok yang tnggung jwabnya tinggi
1,Dan lagi ada yang masih bawa bawa keenan ????. raisa sudah paling berbahagia ngedapetin suami yang super ngemong dan mature kayak hamish. Raisa itu cukup dewasa di banding wanita seumurannya yang masih memikirkan dirinya sendiri. Jd menurut gue raisa dan hamish sama sama beruntung bisa menjadi sepasang suami istri. Ga ada itu gagal pindah on ???????? sok congratz raisa dan hamish. Semoga pernikahannya sakinah mawadah dan warahmah
1,"Raisa cantik ya, meskipun ais tapi tidak menonjolkan kalau nikah itu harus mewah, sudah cantik, sederhana, sempurna banget,"
1,"Karna orang yang syudah cantik, tidak perlu dandan heboh untuk membuatnya terlihat cantik.. dengan makeup yang simple begitu saja sudah memesona?????? bikin hamish klepek klepek"
1,Bagus dong.. mencari ilmu kapanpun dimanapun.. itu karena suaminya orang berpendidikan ????????????
1,Sukak cewek cantik dan kemauan blajarnya tinggi ???
1,"Yaampun ini ais benar benar good attitude yang layak jadi panutan. Dia kan bisa saja kuliah di luar negeri. Tp karena baktinya sama suami , dia pilih kuliah di wilayah dekat suaminya . Salut banget"
1,"Semangat batman<USERNAME> kita VA selalu suppo kamu karena setiap manusia pasti pernah punya kesalahan ???????? ,, dan buat yang lain tolong jangan di bahas lagi pliis karena itu udahtahun yang lalu ????"
1, <USERNAME>sudah .salam knlmbk senang bisa kenal sama mbak. Sbagai manusia kita saling ingatkan. sebagai manusia kita harus tau diri jangan sombong yang digedekan mentang mentang sudah jadi ais 
1,"keren ya, kesederhanaannya terpancar jelas. suka sama keluarga presiden ini??"
1,"Seorang presiden tanpa embel"" gelar .. bangga sekali"
1,Proud of kamu Indonesia. God bless Indonesia
1,Amazing banget Miss National Costume. Kereenn!! Bangga sama budaya indonesia ????
1,Ikut bangga pastinya ??
1,PROUD OF YOU KAK DEA. Sangat patut dibanggakan??
1,Suka banget sama pidatox dia cara pembawaanx begitu eleganbrwibawah pantas memang dia 
1,aku percaya kak niki orangnya jujur semangat kak niki???? hebat
1," <USERNAME>. sama Mba! Gua juga tidak bisa benci Nikmir. Salut malah sama dia tidak munafik! Ais lain maaf citra saja di depan, sok baik, sok teraniayajual air mata. Nikita ini real.. sygnya masyarakat kita cendrung yang dilihat apa yang ada di superfisial"
1,cantik alami tanpa perlu bedak tebal dan gaya bak tante tante
1,Cantik dan gagah mudahan lancar dampe hari 
1,"Cantik yang ini dong,penampilannya dewasa yang sesuai. Mukanya cantik Indonesia,berkelas. Ayu ayu bagaimana begitu."
1,"Lcb cantik sangat??, lcb beruntung dapat duren dan duren pun beuntung dapat neng lcb. Sakina mawaddah warahmah Amin"
1,"dia ganteng tidak hanya saat berseragam, tapi ganteng saat menjadi panutan keluarganya.. semoga anak saya memiliki fisik yang elok macam makhluk Allah nih"
1,"Beruntung banget deh mbak<USERNAME> dapat mas<USERNAME>. Ganteng,baik,saleh,sayang "
1,Smoga mas Agus menjadi pemimpin di masa akan 
1,"<USERNAME> cra berpakain bapak sangat lah mencerminkan kepribadian bapak yang sangat lembut tetapi tetap gagah semoga bapak<USERNAME>&keluarga selalu dalam lindungan allah subhanahu wa taala, salam hormat dari saya yang selalu mengagumi bapak :-)"
1,"Sukses terus kak ayu dan semoga selalu senantiasa dalam naungan Allah SWT, dan sehat selalu "
1,"Smg selalu di berikan kesehatan dan panjang umur ya nek ,muda banget cantik dan MashaAllahhh"
1,Terimakasih Ibu<USERNAME> sea seluruh keluarga telah memilih Plataran Darmawangsa sebagai tempat acara keluarga Besar. Saya selaku bagian staf di Plataran darmawangsa sangat terkesan dan sangat menunggu kedatangan Ibu dan keluarga di lain waktu. Sehat selalu Ibu dan keluarga. Amin amin ya rabi
1,"Salam Dirgantara! Terima kasih telah mendukung dan menyebarkan awareness terkait program pesawat R80. Semoga momen emas ini menjadi titik awal kebangkitan industri pesawat terbang Indonesia agar kembali berjaya. Bersama Eyang Habibie, yuk kita satukan langkah terbangkan pesawat R80. Caranya? Langsung klik link di bio kami ya ????"
1,"Semangat ya eyang habibie, sehat selalu, selalu dalam lindungan Allah, ambisinya selalu kuat dalam melakukan segala hal. Kereeeennnnn. Semoga banyak penurus2 bangsa spi eyang Habibie ????????????????????????"
1,"Memiliki Cucu2 merupakan kebahagiaan yang tak ternilai, cucu sebagai generasi penerus "
1,Wahhh ??????
1,Cantik dan ganteng-ganteng. Sehat selalu untuk mereka dan Bu Ani Sekeluarga ????
1,Barakallah dengan cucu2 yang cantik dan ganteng ... semoga menjadi anak yang saleh dan sholeha ... menjadi kebanggaan ????
1,Bu<USERNAME>
1,"Yang kecil lucu, yang tengah ganteng parah, yang gede pintarnya tidak ketulungan, salam hormat saya bu, pak"
1,Terima kasih pak SBY & ibu Ani yang selalu menemani beliau..& sudah memberikan Kontribusinya yang sangat Luar biasa kepada Indonesia selama 10 tahun & sehat 
1,Setiap caption yang di buat 
1,"Assalamualaikum ibu yang terhormat. salam dari kami sekeluarga di banda Aceh. kami semua sangat membanggakan keluarga ibu yang sangat membahagiakan kami bila melihat nya. sikap etika perilaku keluarga ibu sungguh sangat bijaksana apalagi mas agus, ibu.. suami saya terlebih lagi sangat yakin pada saat bapak mencalonkan diri jadi presiden dulu beliau sangat bangga pada bapak salam hangat dan perkenalan dari keluarga kami ya bu (Darmanto Rapi photo studio)"
1,"senang lihat ibubpk susilo bambang yudhoyono menikmati hari tua bersama cucu tercinta ,, sehat terus ya memopepo ,,, Allah SWT melindungi memopepokel #kisss"
1,Semangat mebangun indonesia yang lebih maju pak jokowi ????
1,"Ais berkualitas, wajahnya itulohhh berkualitas banget hihi.. Cantik bangetsss.. Top deh.. Ga pakai drama dan gimick hidupnya hihi.. Tajir tetapi. Sederhana"
1,Mbasptnya siyok melihat kejamnya dunia per ais ????
1,"Selalu suka sama ,orang nya jujur apa adanya tidak gimmick2an ,putih ya ,kalau tidak suka dia berbicara jadi tidak pura pura(gue banget sih),apa adanya tidak ????tidak kayak ais yang sana itu yang mulutnya lebar kayak gorong2,tukang menipu,munfik banget kalau ditanya waawan juga jawabnya,perilaku sama omongan tidak balance????"
1,"Gohead , sudah biasa itu dalam pergaulan dunia kerja dan masyarakat biasa, apalagi pergaulan eong. Pastilah ada yang gatal bin sirik kalau lihat orang sukses, anggap saja kuman tidak usah dibuat status, malah kesenengan mereka ada bahan buat mentertawakan. Betul enggak?? ??????"
1,Gagah kali abang borisq ini.. Klo tidak baca nmx benar benar tidak tau kalau it bang ??
1,Weewww bangga kali aku lihatnya bang<USERNAME> pakai baju adat 
1,Bagus banget baju dan pengantinya happy weding
1,MasyaAllah . bagus banget ..
1,Gileee suaraaanyaa.. keren parah.. suka
1,Lebih keren dari penyanyi aslinya
1,Kereeeeeeeeeeeeeeennn sampai merinding brrrrr
1,Yatuhan suaranyaaaaaaa bagus bangetttttttt
1,"Keren suaranya super merdu. Coba ikut audisi nyanyi, pasti bakatnya bisa tersalurkan"
1,Bagus daripada beberapa ais yang modal tampang doang padahal suara juga jelek. Mendingan mas ini yang nyanyi. Emg dasar nasib orang ya tidak ada yang tau. Semoga masnya bisa sukses
1,"Dgrin ini sampai bulu kuduk naik saking bgusnya, masyaallah apik banget suaranya"
1,Subhanallah tergetar hati dengar suara nya
1,Masa allah suaranya bagus banget cantik lagi orangnya idaman semua cowok
1,"Bagusss suaranya, penampilannya juga sesuai anak sekolahan, natural dan sesuai dengan usia nya"
1,Kerennnn suaranya bagus
1,"Cantik, polos, apa adanya tapi kelihatan berbakat. Semoga kalau sudah tenar gek jadi selebriti instagram, kalian tidak kaya2 sih mbak Novilda ya dek yang kehilangan arah. Tetaplah begini,jangan cepat tumbuh dewasa dan terus asahlah bakat kalian, Allah bless kamu both."
1,"Bagus iniii, tidak kayak yang ingin terkenal, rambut di alus2in dulu. Muka di makeup dulu. Biar dikamera keren haha. Kl mereka benar benar kelihatan lagi lelahnya habis pulang sekolah ????"
1,Di ulang berkali kali sampet tidak percaya kalau ini suara aslinya. Bagus banget ??
1,Alhamdulillah masih ada kidz zaman niw yang berkarya sewajar seumurannya bukan yang sok gede
1,aduh keren suaranya enak . nge jazz2 bagaimana begitu . muka adalah belakangan saja . nanti kalau sudah tenar juga muka mengikuti haha . skill dulu nomer. ini batu abege jaman now ????????
1,Kereeen 
1,
1,Klo aku sih iya 
1,Bagussss + dandannya natural tidak banyak permak kayak anak jaman now lainnya ????????????
1,Kereeeeennnn padahal nyanyinya santai banget ????????????
1,
1,Yesssssss !!!!! Bagus banget !!! ?????? Kids jaman now yang begini yang diksh jempolllll ????????
1,Wajah2 anak skul banget ya masa alami banget suka lihatnya ???? lagu sama suara keren palg yang pakai bando suaranya mantap ??????
1,Keren suaranya dasarnya cantik tinggal di poles sedikit bersinar??????
1,"Pembagian suaranya pas banget,pecah suaranya juga cakap"
1,keren banget 
1,
1,"Yes iya ,eh pas dua duanya nyanyi bareng baru tau "
1,Keren yang penting punya bakat dulu nanti juga kalau sudah jadi ais banyak duit mukanya bisa cemerlang
1,Keren min orang orang yang berbakat kayak begini yang harus di up ke publik????????
1,Kereeen banget suaranya. Nah kayak begini dong kids jaman ??
1,???? jangan sampai kayak sih aw2 dan kawan kawan.. ??????
1,"Kereenn sumpah,, kebangetan bagusnya..??"
1,Ya ampun lakikny ganteng. Rini nya juga cantik. Mungil pula sekarang.
1,"Suaminya , ganteng ?? sok swett "
1,"Wah Mbak Rini hamil ya ?? Selamat ya mbak semoga kandungannya sehat"" saja & juga mbak rininya , makin bahagia di hamil yang peama , dan semoga lancar di proses persalinannya nanti ????"
1,"Kasian anaknya,, jangan sampai anaknya rusak juga kayak emaknya ya"
1,Kalo pasangan cantik + ganteng suka deh lihatnya?
1,"Wah akhirnya hamil lagi juga. Selamat ya mbak Sandra semoga kehamilannya makin sehat"" saja , makin fit dan semoga lancar di prosesi persalinannya nanti. Wah sudah jadi calon ibu nih"
1,ikutan 
1,"Pernah lihat di infotainment sebelum nikah, waktu ditanya persiapannya jelang pernikahan, sandra dewi bilang kalau dia sama calon suaminya ingin banget cepat punya anak nanti habis menikah, karena mereka suka anak kecil, bahkan mereka sudah prepare program program yang akan mereka lakukan kalau dalam waktu dekat belum dikasih anak, but ??????"
1,Keluarga ter-humble ter-sempurna ter-sederhana dan tidak pernah sok terlihat kayak dan tidak pnah manja pakai pesawat jet pribadi kayak yang lain lain ??????????
1,"Bunda maia cantik semoga selalu sukses, sehat terus ya cantik wajahnya secantik hatinya"
1,"Ais yang gue kaguminn.. Nikah muda, tidak banyak mau, sayang keluarga sayang suami,, mengutamakan anak anak.. Ga puyeng sama dunia hiburan dan ke aisann.. Padahal tajirrr mampus.. Plus tidak alay dan tidak aneh aneh.. Salutt sama niaa.. Smiga selalu samawa.. Yaa nia and famzz???????????????????????????????"
1," <USERNAME> iya aku sih jujur bukan fan Nia, biasa saja sama dia, pas dia tenar banget sama sinteronnya juga aku biasa saja. Tapi makin ke sini kalau soal urusan keluarga, aku salut sama dia. Dia kan masih muda ya itungannya, sama aku cuma beda 2-3 "
1,Smnjk habis nikah auranya keluarr banget. Suaminya juga kelihatan sayang dan nia nya kelihatan baik begitu tulusss.. suka deh lihatnya.
1,Mngkinmba nya marah marah karena ada kata kata yang tidak enak dari yang ????
1,Cantik banget ya.. Punya anak cewek begini puyeng kali ya jagakan nya ??????
1," <USERNAME> iya betul mbak. Ariel tidak ganteng. Tapi ariel punya kharisma yang menarik. Udah tua pun sekarang agak keriput wajahnya tetap saja kharisma nya sebagai lelaki kelihatan lebih terpancar. Buktinya mama, dan tante saya makin tergila gila sama ariel dan sa"
1,"Jadi manusia Saling menghargailah, kalau tulisan yang ditulis itu tidak berguna bahkan menyakiti hati orang lain. Ya sebaiknya tidak usah tulis. Pergunakan media sosial dengan sama ya guys!!"
1,entah kenapa kalau lihat<USERNAME> bergaya apapun tetap kelihatan 
1,banyak banget 
1,"Coba deh yang pada kritik2 itu bikin karya sendiri, siapa tau lebih bagus dari yang mereka kritik"
1,"Pada protes kenapa sih??yang protes itu coba usaha deh..Jangan kira usaha dia pendek ya!!.Butuh waktu lama dia agar bisa go international.Jangan cuma protes,kalau ingin yang kalian inginkan ya kaliam sendiri dengan cara sendiri agar kalian bisa go international"
1,"Keren, tidak suka sama agnes, tetapi suka sama lagu ini,jadi suka juga manyanyi, santai lagunya tetapi asyik"
1,"Bandingin lagu Go Internasional yang paling mengena di gue ini seru enak "" begitu atau apa.."
1,"Nah ini baru keren, daripada mbak mbak superman wkwk"
1,"Sumpah gue suka banget sama lagu dia yang ini, asyik banget di dengernyaa"
1,Enak banget mak lagu lagu dialbumnya paling suka yang ini sama cantik kesalahan
1,Mantap .gue suka banget sama 
1,enakk musik nya . apa lagi lhatt kakak agnes nya dance kayak nya nyamaann dan enakk banget itu kaya nya
1,"Asik banget dancenya,apa lagi lagunya mancappppp"
1,Ganteng banget meski & 
1,"Mami depe cantik banget. Awet muda, tidak kalah sama penyanyi pendatang baru. Semoga <USERNAME>"
1,Ganteng yesss. Mami cocok deh sama babang. Semoga langgeng ya unchhh lope mami
1,Mbak dewi jadi lebih sabar 
1,Soal pasangan hidup ijk salut sih sama mami depe.. tidak matreneko2.. yang penting singlecocok dia mau diajak menikah.. tidak kayak tetangga sebelah saking matrenya suami orang di embat juga..
1,mau duda mau singgel itu tidak masalah yang penting laki jaman sekarang setia menemani dunia akhirat amin good luck dewi persil sehat selalu dalam berkarya
1,Muantepp ??????
1,"Mb depe langgeng iya sama ,ingin banget ketemu mb depe ibuku kami dijambi mb"
1,Jangan di dengar katayg menyakitkan hati lebih baik tenang janani saja dengan pilihan andah sendiri bahagia itu biasanya ada di kata hatimu maju terus dan sukses bersama pasangan mu
1,"Cakep,ganteng pacarnya dewi persik,sudah ini saja jangan ganti lagi ya dewi"
1,"Beruntungnya Bella.. Orang2 jadi fokus sama komen lakinya. Coba kalau tidak, pasti model bajunya yang dicerahami sama warganet ??"
1,Beginilah pasangan suami istri yang normal.. Romantisme hanya dia dan istri yang tau. Ga perlu diumbar.. Tp dijaga. Yg suka umbar kemesraan institut teknologi indonesia kebanyakan menutupi kenyataan yang sebenarnya.
1,"Naksir Ama ceweknya, sepertinya lembut banget Kya bolu ??"
1,Cewex luar biasa 
1,"Cewenya cantik, the power of tajir ??"
1,Alhamdulillah lebih ganteng babang Emran ya<USERNAME> ??
1,"Alhamdulillah<USERNAME> tidak jadi sama yang , anteng, sabar, saleh, penyanyang, senyumnya cute.. bawa perasaan deh"
1,Cantik manis cewek nya .. cocok sajalah
1,"Cewenya manis, cakepan yang sekarang Dr yang kemarin tidak jadi."
1,yang ini lebih cantik sih. hebat juga nih laki ciwik nya cakap cakap lo..
1,Semoga betul kalau sama yang ini ????
1,"Semoga tidak putus lagi ya. Ka bella sudah bahagia banget itu, tidak malu??? ??????"
1,Yaampun cantik banget aslii! Angguunn ??
1, <USERNAME> euum setuju sekaliii memang cantikan ini dari pada yang sebelumnya. Lebih WOW... ?? terbaik ?? terpelihara hehe
1,"Cantiik, senyumnya mirip Maudy Kusnaedi"
1,"Dari kisah jevin radhini rini gue jadi belajarhal. ""Kalau memang jodohmu, maka akan ada saja jalanNya"". Gue kebetulan mengikuti dari awal. Gue menonton pas live the remix jevin berbicara 'itu pacar saya menonton' sambil menunjuk radhini. Gue juga menonton pas jevin memeluk radhini erat banget di back stage setelah lolos ke final. Keliatan jevin ini anaknya gentle, tulus dan penyayang. Tapi Allah maha pembolak-balik hati. Mei '15 jevin radhini pacaran, september '15 jevin rini dipasangkan the remix, Des '15 final the remix, jangan '16 jevin radhini putus, februari '16 jevin rini pacaran, april '16 jevin ngelamar rini, februari '17 jevin rini tunangan, mei '17 jevin rini nikah. Allah works in many arah??. Allah' plan is better tahan our plan. Jevin yang dulunya berfikiran akan nikah umur 30, siapa sangka di umur 25 dan dalam waktu pacaran barubulan sudah yakin mengajak anak orang nikah. Ah, happy wedding soundwave. Bahagia selalu??"
1,"Kalau kita bisa mengaikan jodoh,ini lah yang di bilang "
1,Pingkan nih suaranya enak banget.. bindeng2 bagaimana begitu.. berciri khas.. ibarat gue merem dengar suaranya gue sudah langsung tau
1,Hatinya terbuat dari apa ya .. Mbaa gigi yang berhati luarbiasanya saja sampai di benci .. Cobaa sebutkan heternya mbak kesalahan apa yang mbak gigi lakukan :'( duh aku saja jadi suka sama sifatnyaaaaaaaaaaa
1,"Suka banget banget nih sama nih ais, tidak macam macam, ternyata masih lahiran 1996 ??????"
1,", jadi tidak ada lagi yang bilang Ibel PHO""day Ibel"
1,"Ini kakaknya murid2ku waktu masih mengajar di sekolah internasional mihil. Anaknya cantik cantik dan sih ibu dan bapak ramah dan baik banget. Seluruh sepupunya di sekolah yang sama, yang uang masuknya saja 70 jtan lebih/siswa.tau sekarang berapa."
1," <USERNAME> justru karena kakak bella sholehah, punya penghasilan sendiri, dan cantik jadi Allah mau kasih jodoh yang lebih baik lagi.."
1,"Mbak bela, nikahnya berdasarkan atas dasar agama mbak yang diutamakan ya. Biar laki2nya dapat yang baik. Saya yakin banyak laki laki yang baik dan kayak raya yang mau nikahi mbak"
1,Duh geulis kitu ditinggal sama yang 'itu' duuuhhhh haha jodohnya pasti Allah kasih yang lebih baik Teeeh ??
1,"Bu ,kangen bu Amel yang cantik,ramah,baik sama kangen tentengannya hihiii ????. Nanya sih mbak bu Amelnya pindah rumah dan lagi hamil. Sehat2 ya bu Amel,salam buat Annabel"
1,"Ambil positifnya saja mbak toh oma nani yang menjalankan, mau mbak bilang bagaimana enggak mungkin kan oma langsung cerai karena itu sudah pilihan hidup dia bagaimana jadi lebih baik didoakan semoga langgeng karena menikah juga ibadah heheu<USERNAME>"
1,"Alesha ai namanya : Yang dilindungi , ya "
1,Semoga anak nya besok pas bangun langsung jadi dewasa biar bisa bakal jodoh saya???? pasti gedenya nanti sama cakap kayak kakaknya Fahri..
1,min meminta doanya juga buat saya mudahan dilancarkan dan selamat saat melahirkan bulan mei ini. Aamiin
1,", cewek kali iya adik bayi ??"
1,mbak acha cantik banget banget banget !! buat calon ibu yang blmkasih momongan sama Allah semoga di segerakan ya ??
1,"Gemulai'nya Momo,, Bak Putri keraton Jawa,,, semoga bersatu selama'nya dan cuma Maut yang memisah'kan,, "
1,Berasa kayak mau manggung kakak<USERNAME> ?? semoga lancar dan cepat punya momongan biar Ada Princess Kecil MoMo atau tidak prince ??
1,"wah sama dokter sigit ya, ini dokter the best banget, baik banget, humble orangnya, recomend banget buat yang mau program dan kehamilan ??"
1,"Ashanti bunda the best, Slalu membela/suppo anaknya. Mskipun bukan anak kandung??"
1,Smua orang berhak untuk melakukan apapun yang mereka suka.. Asalmrugikan dirinya ataupun ornglain.. Mau aurel dandan berlebihan atau natural itu hak dia.. Apalagi aurel pintar banget dandannya.. Kliatan cantik banget.. ????
1,Beruntung sih aurel dapat ibu sambung kayak ashanti .<USERNAME>
1,salut sama bunda<USERNAME> .. meskipun ibu sambung.. tetapi sellu jadi orang yang plingbdpan membela aurelazriel dari pra hater..
1,"Keren ya ashanty sebegitu sayangnya sama anak nya(padahal bukan anak kandung), yang ibu kandung saja belum tentu begitu. Ini orang hatinya kayak bidadari di televisi televisi. Beruntung banget itu aurel azriel punya ibu tiri macam dia"
1,"Salut buat Bunda<USERNAME> selalu yang trdpan melindungi anak"""
1,Ibu tiri 
1," <USERNAME> aurel itu cantik tau. Pernah lihat asli nya kok. Org sirik itu yang menjelek jelekannya. Padahal muka sendiri belum tente lebih cantik dan muda daripada aurel. aurel difoto menampak putib bilangnya suntik putih, kelihatan hitam dibilang tidak bisa ra"
1," <USERNAME> , ALLAH menciptakan manusia dengan sempurna, kok mbak mengomongnya kayak begitu. Aurel cantik kok, wajar manusia ada kekurangannya. Dan mbak Ashanti wajar membela anaknya, bukan cari perhatian ya mbak, kamu"
1,"aurel itu perempuan hebat, ingat banget kejadian zaman pipi mimi nya & dilihat di depan mata dia sendiri. Ga semua anak bisa strong kayak dia. Yg nyinyir pasti iri karena aurel bisa punya keluarga bahagia kayak sekarang. Yg bilang bundanya Ash lebay, mungkin belum punya anak. Hati2 , nanti bakal jadi ibu. Bayangin anakmu yang jadi korban bully ??"
1,
1,"Mukanya mirip ,,,insya Allah jodoh dunia akhirat mbak<USERNAME> amiiii"
1,Cantik banggeett ya kak depe.. ???? tidak kelihatan lah kalau dia pernah nikah.. sepei masih gadis wajah nya.. cantik ???????????? semoga lancar sampai harikak depe.. bahagia dunia akhirat aammiinnn ??
1,Dadddd :( Semoga bisa datang ya & untuk papa-papa di luar sana. Semoga sehat selalu & bisa menjadi saksi anak-anaknya saat menikah. AAMIIN!????
1,Semoga dilancarkan nikahnya dan ayahnya lekas ditemukan dalam keadaan sehat tanpa kurang suatu apapun :)
1,Semoga saja nikahannya lancarmb. Jgn berlarut sedih kalau bapak tirinya tidak datang yang penting bapak kandung datang. Mungkin saja ada alasan anak kandung dari bapak tersebut melarang. Mungkin saja bapak itu sudah balikan sama istri peamanya. Dan kalau sibapak datang itu beri akan mengingatkan cerita lama. Mungkin ya..
1,"Yea pak polisinya pintar haha.. langsung belok, SIM menembak, tak tau rambu2. Malah meminta surat perintah yaelah kamu pikir rumah kamu mau digeledah ??"
1,Ini mau nikah lagi baguass deh semoga kelak jadi keluarga yang samawa
1,?????????????? 
1,Pernah ketemu sama mbak aika sari disesemall di 
1,"Bener kata pepatah Yess, Buah Jatuh tidak Jauh dari PohoN , Suara Bagus dan Pinter nyanyi dari darah seni Papa Nya.. #calon generasi hebat di masa depan"
1,"Bahagianya punya anak cantik berbakat, bersyukur benar dapat titipan demikian indah"
1,Semoga di berikan kesehatan dan rezeki yang berlimpaah pak ??
1,Semoga selalu sehat dan dimurahkan rejekinya ya Pak
1,"Pria setia, pekerja keras tidak malu pilih-pilih cari nafkah sangat sedikit sekali yang banyak , memilih menganggur ketimbang jadi ojek online. Udh begitu istri diselingkuhin lagi. Baik kalau ada maunya ????"
1,"Doa istri dan anak menyeaimu , karena kalau laki laki tanggung jawab otomatis dia akan sayang dengan anak dan istri. Beda dengan sayang yang belum tentu beanggung jawab ??????"
1,Ya Allah bahagia itu tidak harus dengan cara yang mewah sesederhana begini saja deh bahagia bisa komunikasi dengan keluarga ??
1,"Mereka hanya mencari rejeki untuk keluarganya, kalau ada yang merasa tidak berkenan tolong jangan menggunakan kekerasan"
1,"Salut sekali Banting tulang demi menghidupi ,pakai AC Malah "
1,"Amin, semoga selalu di lancarkandi mudahkan rejeki nya.. jadi ingat waktu suami saya juga gojek dulu, sering nlp menanyakan anak istri nya sudah makan atau belum.. padahal mungkin dia sendiri entah sempat makan atau tidak, walaupun hujan2anpanas2an tetapi tidak penh mengeluh.. selalu menyempatkan komunikasittp keep in touch di sela2 kesibukannya. Banggattp berjuangms gojek karena anakistri selalu mendoakan yang terbaik.."
1,"Respect dengan istrianak2 nya yang menunggu dengan sabar di rumah insya Allah ,Allah subhanahu wa taala selalu menjaga nya."
1,"Laki-laki yang benaran berjuang untuk anak istri, membahagiakan istri insyaallah di dunia mendapat rejeki yang tidak disangka-sangka di akhirat akan ada surga kelak amin"
1,"Bangga sama suami yang selalu ingat istri disela waktunya, apapun , semoga lacar rejekimu. "
1,Apaoun pekerjaannya yang penting halaltuk menafkahi keluarga ... Semangat pak
1,Gojek itu mayoritas pegangguran yang lama tidak kerja terus hampir putus asaa tapi tiba tiba ada lapangan pekerjaan yang tidak harus pakai ijazah terakhir.. ini sungguh lapangan kerja yang sangat membantu sekali menurut saya ??
1," <USERNAME> aslinya cantik dan ayu lah mbak karena aku sudah beemu langsung juga sesembaknya sangat ramah tidak sombong sepei mantan2 yang lain hhe maaf ikut nimbrung ,kalau makeup dibuat senatural mungkin karena sesembaknya memang mau menonjolkan wa"
1," <USERNAME> suami saya seumuran sama saya mbak, malah tuaan saya beberapa bulan tapi alhamdulillah suami saya tidak kekanak kanakan hehe"
